Monitor,Screen Size,Brand,Aspect Ratio,Panel Type,Stand Type,Has Speakers,Screen Curvature,Color
Dell S3225QC,"32""",Dell,16:9,QD-OLED,Tool-Free design,Yes (25 W),Flat,
HP Omen 32x Smart,"31.5""",HP Omen,16:9,IPS,Smart ergonomic,Yes,Flat,
LG 45GX90SA,"45""",LG,21:9,WOLED,TV-style,Yes,800R,
Samsung Odyssey OLED G6,"27""",Samsung,16:9,QD-OLED,Gaming Stand,No,Flat,
Samsung Odyssey G7,"37""",Samsung,16:9,LED,Gaming Stand,No,1000R,
Samsung Ultra-Wide ,"40""",Samsung,21:9,LED,Gaming Stand,No,Curved,
Alienware AW3423DW,"34""",Alienware,21:9,QD-OLED,Gaming ergonomic,No,Curved,
Dell U4025QW,"40""",Dell,21:9,IPS,Ergonomic,No,2500R,
Dell UltraSharp U4924DW,"39""",Dell,32:9,IPS,Productivity ergonomic,No,Curved,
Philips Brilliance 499P9H,"49""",Phillips,32:9,IPS,Productivity ergonomic,Yes,800R,
Dell S3225QC,"31.6""",Dell,16:9,QD-OLED,Tool-Free ergonomic,Yes,Flat,
LG UltraGear 45GX90SA,"44.5""",LG,21:9,WOLED,L stand,Yes,800R,
LG UltraGear 39GX90SA,"39""",LG,21:9,WOLED,L stand,Yes,800R,
LG UltraGear 45GX990A,"45""",LG,21:9,Bendable OLED,L stand,No,900R,
Philips Brilliance 499P9H,"48.8""",Phillips,32:9,VA,Productivity ergonomic,Yes,1800R,
Dell Alienware AW3423DWF,"34""",Dell,21:9,QD-OLED,Gaming ergonomic,No,1800R,
Dell S3422DW,"34""",Dell,21:9,VA,Height-Adjustible stand,Yes,1800R,
Dell S3225QS,"32""",Dell,16:9,VA,Height-Adjustible stand,Yes,1800R,
Dell P3418HW,"34""",Dell,21:9,IPS,Asjudtible Stand,Yes,Curved,
Dell S3221QS,"32""",Dell,16:9,LED,Height-Adjustible stand,No,1800R,
BenQ MOBIUZ EX3415R,"34""",BenQ,21:9,IPS,Height-Adjustible stand,Yes,1900R,
MSI Optix G241VC,"24""",MSI,16:9,LED,Basic,No,1800R,
Alienware AW3420DW,"34""",Dell,21:9,LED,Gaming ergonomic,No,1900R,
Dell SE2716H,"27""",Dell,16:9,VA,Basic,Yes,Curved,
Dell S3423DWC,"34""",Dell,21:9,VA,Height-Adjustible stand,Yes,1800R,
"Samsung 27"" Odyssey OLED G6","27""",Samsung,16:9,QD-OLED,Gaming Stand,No,Flat,